0,-1783.82,-204.693
0.2,-1787.85,-149.233
0.4,-1790.51,-102.457
0.6,-1792.23,-60.5144
0.8,-1793.03,-18.9055
1,-1792.51,26.0365
1.2,-1789,67
1.4,-1788,109
1.6,-1784,151
1.8,-1780,193
2,-1774,235
2.2,-1765,277
2.4,-1758,320
2.6,-1751,362
2.8,-1741,405
3,-1730,444
3.2,-1718,484
3.4,-1704,526
3.6,-1691,565
3.8,-1678,606
4,-1660,648
4.2,-1644,686
4.4,-1626,724
4.6,-1607,763
4.8,-1588,801
5,-1569,837
5.2,-1548,873
5.4,-1527,910
5.6,-1502,947
5.8,-1478,981
6,-1454,1016
6.2,-1429,1050
6.4,-1403,1082
6.6,-1375,1117
6.8,-1346,1147
7,-1319,1176
7.2,-1288,1209
7.4,-1258,1238
7.6,-1228,1266
7.8,-1195,1295
8,-1164,1322
8.2,-1132,1350
8.4,-1097,1376
8.6,-1066,1401
8.8,-1032,1425
9,-996,1447
9.2,-961,1470
9.4,-925,1493
9.6,-889,1514
9.8,-851,1534
10,-813,1554
10.2,-775,1570
10.4,-737,1587
10.6,-697,1604
10.8,-659,1618
11,-620,1631
11.2,-580,1645
11.4,-541,1658
11.6,-500,1669
11.8,-459,1679
12,-419,1689
12.2,-379,1698
12.4,-340,1706
12.6,-298,1712
12.8,-255,1718
13,-214,1722
13.2,-172,1724
13.4,-131,1726
13.6,-92,1728
13.8,-50,1728
14,-9,1726
14.2,31,1727
14.4,74,1725
14.6,116,1721
14.8,156,1717
15,197,1712
15.2,237,1703
15.4,278,1697
15.6,318,1688
15.8,356,1679
16,397,1669
16.2,438,1657
16.4,476,1646
16.6,515,1632
16.8,555,1617
17,591,1604
17.2,629,1588
17.4,667,1571
17.6,702,1554
17.8,738,1534
18,774,1516
18.2,808,1497
18.4,843,1475
18.6,876,1454
18.8,911,1432
19,944,1408
19.2,976,1383
19.4,1009,1359
19.6,1040,1334
19.8,1070,1308
20,1100,1283
20.2,1131,1253
20.4,1160,1226
20.6,1186,1196
20.8,1213,1167
21,1240,1137
21.2,1267,1105
21.4,1291,1073
21.6,1314,1043
21.8,1339,1011
22,1364,978
22.2,1382,945
22.4,1400,910
22.6,1424,877
22.8,1442,840
23,1462,806
23.2,1480,773
23.4,1495,734
23.6,1510,698
23.8,1526,663
24,1541,625
24.2,1554,589
24.4,1567,552
24.6,1579,513
24.8,1586,474
25,1598,436
25.2,1607,399
25.4,1614,360
25.6,1621,321
25.8,1626,282
26,1631,244
26.2,1635,205
26.4,1636,166
26.6,1639,127
26.8,1642,89
27,1644,50
27.2,1642,11
27.4,1639,-27
27.6,1635,-66
27.8,1632,-106
28,1630,-146
28.2,1623,-184
28.4,1616,-221
28.6,1609,-258
28.8,1604,-296
29,1595,-334
29.2,1586,-370
29.4,1576,-409
29.6,1562,-447
29.8,1550,-482
30,1540,-517
30.2,1525,-554
30.4,1507,-588
30.6,1493,-624
30.8,1477,-660
31,1459,-692
31.2,1442,-726
31.4,1424,-760
31.6,1404,-791
31.8,1384,-825
32,1362,-857
32.2,1339,-888
32.4,1317,-919
32.6,1295,-949
32.8,1271,-978
33,1247,-1008
33.2,1222,-1037
33.4,1196,-1065
33.6,1169,-1093
33.8,1142,-1117
34,1115,-1144
34.2,1086,-1169
34.4,1057,-1193
34.6,1028,-1216
34.8,1000,-1239
35,970,-1262
35.2,937,-1283
35.4,907,-1304
35.6,875,-1323
35.8,842,-1342
36,809,-1361
36.2,776,-1378
36.4,744,-1395
36.6,711,-1413
36.8,676,-1427
37,642,-1442
37.2,607,-1454
37.4,571,-1467
37.6,536,-1480
37.8,501,-1491
38,464,-1499
38.2,427,-1509
38.4,392,-1519
38.6,357,-1525
38.8,319,-1532
39,283,-1539
39.2,248,-1545
39.4,211,-1547
39.6,172,-1550
39.8,137,-1554
40,100,-1556
40.2,62,-1557
40.4,26,-1555
40.6,-10,-1554
40.8,-46,-1554
41,-81,-1549
41.2,-119,-1545
41.4,-155,-1541
41.6,-190,-1536
41.8,-226,-1531
42,-265,-1522
42.2,-300,-1514
42.4,-333,-1508
42.6,-369,-1497
42.8,-404,-1485
43,-440,-1475
43.2,-475,-1464
43.4,-508,-1450
43.6,-540,-1436
43.8,-576,-1422
44,-610,-1407
44.2,-641,-1392
44.4,-671,-1374
44.6,-704,-1357
44.8,-734,-1340
45,-766,-1321
45.2,-798,-1301
45.4,-826,-1283
45.6,-854,-1261
45.8,-884,-1238
46,-912,-1217
46.2,-939,-1194
46.4,-966,-1170
46.6,-992,-1146
46.8,-1018,-1124
47,-1044,-1096
47.2,-1070,-1071
47.4,-1094,-1045
47.6,-1118,-1018
47.8,-1139,-991
48,-1161,-962
48.2,-1183,-934
48.4,-1202,-905
48.6,-1225,-877
48.8,-1245,-848
49,-1262,-817
49.2,-1279,-785
49.4,-1295,-754
49.6,-1313,-723
49.8,-1328,-692
50,-1343,-661
50.2,-1357,-628
50.4,-1368,-595
50.6,-1383,-561
50.8,-1396,-529
51,-1406,-495
51.2,-1415,-460
51.4,-1424,-428
51.6,-1433,-392
51.8,-1441,-358
52,-1448,-325
52.2,-1455,-290
52.4,-1460,-256
52.6,-1465,-222
52.8,-1468,-185
53,-1469,-152
53.2,-1471,-115
53.4,-1472,-79
53.6,-1473,-47
53.8,-1471,-13
54,-1472,23
54.2,-1471,57
54.4,-1467,89
54.6,-1464,125
54.8,-1460,158
55,-1455,194
55.2,-1447,228
55.4,-1439,261
55.6,-1432,294
55.8,-1425,327
56,-1414,362
56.2,-1405,395
56.4,-1395,425
56.6,-1383,460
56.8,-1369,493
57,-1356,523
57.2,-1343,554
57.4,-1329,587
57.6,-1313,617
57.8,-1297,647
58,-1281,677
58.2,-1263,706
58.4,-1246,734
58.6,-1228,763
58.8,-1209,792
59,-1189,820
59.2,-1167,846
59.4,-1146,872
59.6,-1123,898
59.8,-1101,924
60,-1080,948
60.2,-1055,971
60.4,-1032,995
60.6,-1006,1022
60.8,-982,1044
61,-958,1064
61.2,-930,1086
61.4,-904,1107
61.6,-877,1126
61.8,-847,1144
62,-820,1164
62.2,-794,1182
62.4,-766,1201
62.6,-736,1215
62.8,-704,1231
63,-676,1248
63.2,-646,1261
63.4,-614,1275
63.6,-584,1290
63.8,-554,1301
64,-523,1314
64.2,-492,1324
64.4,-461,1333
64.6,-428,1343
64.8,-395,1352
65,-364,1361
65.2,-328,1366
65.4,-297,1372
65.6,-266,1377
65.8,-234,1384
66,-201,1389
66.2,-167,1391
66.4,-135,1392
66.6,-103,1394
66.8,-70,1394
67,-35,1394
67.2,-3,1395
67.4,28,1394
67.6,64,1391
67.8,95,1387
68,128,1383
68.2,160,1379
68.4,190,1373
68.6,223,1368
68.8,256,1362
69,286,1353
69.2,318,1345
69.4,351,1338
69.6,383,1329
69.8,411,1316
70,443,1305
70.2,474,1294
70.4,503,1281
70.6,531,1268
70.8,563,1253
71,593,1240
71.2,618,1225
71.4,646,1208
71.6,676,1191
71.8,701,1172
72,729,1156
72.2,757,1140
72.4,781,1120
72.6,806,1100
72.8,833,1078
73,857,1058
73.2,880,1035
73.4,904,1015
73.6,928,992
73.8,950,970
74,970,947
74.2,991,922
74.4,1013,897
74.6,1034,872
74.8,1052,848
75,1071,821
75.2,1090,796
75.4,1106,771
75.6,1124,744
75.8,1142,716
76,1156,687
76.2,1170,659
76.4,1185,632
76.6,1198,604
76.8,1211,574
77,1222,545
77.2,1235,516
77.4,1246,485
77.6,1255,456
77.8,1264,426
78,1273,396
78.2,1281,367
78.4,1287,336
78.6,1295,304
78.8,1301,272
79,1307,243
79.2,1309,212
79.4,1313,182
79.6,1316,147
79.8,1316,117
80,1320,88
80.2,1321,56
80.4,1319,24
80.6,1318,-6
80.8,1318,-37
81,1315,-69
81.2,1311,-98
81.4,1308,-130
81.6,1304,-161
81.8,1297,-190
82,1292,-221
82.2,1285,-249
82.4,1277,-279
82.6,1269,-311
82.8,1259,-341
83,1251,-371
83.2,1242,-397
83.4,1230,-426
83.6,1219,-455
83.8,1210,-484
84,1195,-512
84.2,1180,-538
84.4,1166,-567
84.6,1153,-594
84.8,1137,-618
85,1123,-646
85.2,1107,-672
85.4,1087,-697
85.6,1070,-722
85.8,1052,-746
86,1032,-769
86.2,1012,-793
86.4,992,-816
86.6,976,-838
86.8,952,-861
87,931,-881
87.2,910,-902
87.4,886,-924
87.6,866,-942
87.8,843,-963
88,819,-982
88.2,794,-999
88.4,770,-1016
88.6,746,-1033
88.8,718,-1051
89,694,-1066
89.2,669,-1082
89.4,643,-1095
89.6,615,-1108
89.8,588,-1122
90,560,-1135
90.2,532,-1148
90.4,507,-1158
90.6,478,-1168
90.8,448,-1178
91,421,-1189
91.2,394,-1196
91.4,362,-1204
91.6,334,-1210
91.8,307,-1218
92,278,-1224
92.2,249,-1229
92.4,220,-1234
92.6,191,-1236
92.8,160,-1241
93,132,-1244
93.2,102,-1246
93.4,70,-1245
93.6,42,-1245
93.8,15,-1245
94,-15,-1243
94.2,-46,-1241
94.4,-73,-1241
94.6,-102,-1236
94.8,-132,-1233
95,-160,-1228
95.2,-188,-1223
95.4,-218,-1217
95.6,-247,-1210
95.8,-276,-1201
96,-304,-1195
96.2,-331,-1185
96.4,-359,-1175
96.6,-385,-1168
96.8,-413,-1158
97,-440,-1146
97.2,-466,-1135
97.4,-493,-1123
97.6,-519,-1110
97.8,-544,-1096
98,-569,-1080
98.2,-595,-1067
98.4,-618,-1053
98.6,-641,-1035
98.8,-667,-1021
99,-690,-1005
99.2,-711,-985
99.4,-734,-967
99.6,-756,-950
99.8,-777,-930
100,-799,-911
100.2,-819,-890
100.4,-839,-869
100.6,-858,-850
100.8,-877,-825
101,-897,-807
101.2,-914,-785
101.4,-931,-762
101.6,-949,-738
101.8,-966,-713
102,-981,-689
102.2,-996,-667
102.4,-1011,-644
102.6,-1024,-620
102.8,-1036,-594
103,-1051,-568
103.2,-1063,-543
103.4,-1073,-517
103.6,-1086,-492
103.8,-1097,-465
104,-1106,-438
104.2,-1114,-413
104.4,-1123,-385
104.6,-1132,-360
104.8,-1139,-333
105,-1144,-304
105.2,-1149,-276
105.4,-1157,-249
105.6,-1160,-221
105.8,-1164,-194
106,-1168,-166
106.2,-1170,-139
106.4,-1170,-112
106.6,-1172,-84
106.8,-1173,-56
107,-1174,-27
107.2,-1172,0
107.4,-1171,25
107.6,-1168,53
107.8,-1166,82
108,-1164,111
108.2,-1158,137
108.4,-1154,164
108.6,-1149,192
108.8,-1142,216
109,-1135,242
109.2,-1129,270
109.4,-1123,297
109.6,-1115,322
109.8,-1105,348
110,-1095,373
110.2,-1084,399
110.4,-1074,424
110.6,-1065,448
110.8,-1051,475
111,-1039,499
111.2,-1026,520
111.4,-1011,546
111.6,-997,570
111.8,-982,592
112,-967,615
112.2,-953,637
112.4,-936,658
112.6,-919,678
112.8,-902,701
113,-887,721
113.2,-867,741
113.4,-847,761
113.6,-829,779
113.8,-809,798
114,-790,816
114.2,-770,835
114.4,-749,853
114.6,-728,869
114.8,-706,884
115,-685,900
115.2,-665,915
115.4,-641,930
115.6,-617,943
115.8,-594,956
116,-572,970
116.2,-549,979
116.4,-524,993
116.6,-499,1006
116.8,-475,1015
117,-450,1025
117.2,-426,1034
117.4,-401,1043
117.6,-375,1053
117.8,-349,1061
118,-325,1068
118.2,-299,1074
118.4,-274,1079
118.6,-246,1084
118.8,-223,1089
119,-196,1093
119.2,-168,1095
119.4,-143,1098
119.6,-119,1099
119.8,-92,1101
120,-66,1103
120.2,-40,1104
120.4,-15,1103
120.6,13,1102
120.8,40,1099
121,64,1095
121.2,90,1094
121.4,116,1089
121.6,142,1087
121.8,166,1084
122,190,1078
122.2,218,1071
122.4,243,1065
122.6,266,1056
122.8,292,1049
123,316,1043
123.2,340,1033
123.4,365,1025
123.6,388,1016
123.8,412,1003
124,435,992
124.2,459,980
124.4,481,967
124.6,502,956
124.8,524,944
125,546,930
125.2,566,916
125.4,589,901
125.6,609,885
125.8,627,870
126,650,854
126.2,667,840
126.4,687,823
126.6,707,805
126.8,725,787
127,741,767
127.2,760,751
127.4,776,730
127.6,792,710
127.8,809,693
128,825,673
128.2,838,652
128.4,852,632
128.6,866,612
128.8,880,590
129,894,568
129.2,904,547
129.4,918,525
129.6,930,501
129.8,938,479
130,949,456
130.2,960,434
130.4,969,411
130.6,977,386
130.8,983,363
131,990,340
131.2,1000,317
131.4,1004,290
131.6,1010,267
131.8,1015,243
132,1020,218
132.2,1025,194
132.4,1028,169
132.6,1031,146
132.8,1031,120
133,1034,96
133.2,1035,73
133.4,1035,48
133.6,1035,23
133.8,1034,0
134,1032,-26
134.2,1030,-50
134.4,1029,-76
134.6,1025,-100
134.8,1022,-122
135,1017,-147
135.2,1013,-171
135.4,1007,-196
135.6,1001,-219
135.8,995,-242
136,988,-265
136.2,982,-286
136.4,974,-309
136.6,962,-333
136.8,952,-356
137,945,-376
137.2,935,-398
137.4,925,-422
137.6,916,-443
137.8,903,-463
138,889,-484
138.2,878,-505
138.4,866,-524
138.6,852,-543
138.8,836,-564
139,823,-584
139.2,810,-601
139.4,793,-621
139.6,777,-640
139.8,760,-657
140,744,-673
140.2,729,-689
140.4,711,-705
140.6,692,-721
140.8,674,-735
141,656,-752
141.2,638,-769
141.4,620,-782
141.6,601,-796
141.8,580,-809
142,560,-822
142.2,538,-833
142.4,518,-845
142.6,500,-856
142.8,478,-867
143,456,-877
143.2,435,-887
143.4,413,-896
143.6,389,-904
143.8,369,-912
144,349,-918
144.2,326,-925
144.4,304,-934
144.6,281,-941
144.8,259,-944
145,236,-951
145.2,214,-954
145.4,190,-959
145.6,168,-963
145.8,144,-965
146,121,-966
146.2,101,-967
146.4,75,-971
146.6,51,-971
146.8,30,-970
147,7,-969
147.2,-16,-969
147.4,-40,-967
147.6,-64,-965
147.8,-86,-963
148,-109,-959
148.2,-131,-956
148.4,-152,-951
148.6,-173,-945
148.8,-196,-940
149,-218,-936
149.2,-241,-929
149.4,-261,-921
149.6,-284,-915
149.8,-305,-907
150,-326,-898
150.2,-348,-888
150.4,-367,-880
150.6,-387,-870
150.8,-407,-859
151,-427,-849
151.2,-447,-839
151.4,-466,-826
151.6,-486,-813
151.8,-503,-802
152,-522,-788
152.2,-541,-775
152.4,-558,-761
152.6,-579,-747
152.8,-594,-733
153,-609,-717
153.2,-626,-701
153.4,-642,-686
153.6,-658,-671
153.8,-673,-653
154,-689,-637
154.2,-700,-622
154.4,-713,-602
154.6,-729,-586
154.8,-742,-567
155,-754,-546
155.2,-766,-529
155.4,-778,-510
155.6,-789,-492
155.8,-799,-474
156,-808,-454
156.2,-819,-433
156.4,-827,-412
156.6,-837,-393
156.8,-845,-373
157,-852,-353
157.2,-861,-332
157.4,-868,-311
157.6,-873,-290
157.8,-879,-270
158,-886,-248
158.2,-887,-228
158.4,-891,-204
158.6,-897,-182
158.8,-899,-162
159,-905,-140
159.2,-906,-118
159.4,-908,-97
159.6,-909,-78
159.8,-907,-57
160,-908,-33
160.2,-908,-12
160.4,-907,9
160.6,-906,32
160.8,-903,51
161,-902,73
161.2,-899,97
161.4,-896,116
161.6,-892,136
161.8,-887,159
162,-882,181
162.2,-878,201
162.4,-871,221
162.6,-864,240
162.8,-859,262
163,-849,282
163.2,-842,300
163.4,-835,320
163.6,-825,339
163.8,-816,359
164,-808,379
164.2,-798,395
164.4,-788,414
164.6,-775,434
164.8,-763,451
165,-753,469
165.2,-740,485
165.4,-729,503
165.6,-717,521
165.8,-701,535
166,-687,553
166.2,-673,569
166.4,-661,582
166.6,-646,599
166.8,-631,612
167,-615,625
167.2,-599,641
167.4,-582,653
167.6,-567,667
167.8,-550,680
168,-534,693
168.2,-518,704
168.4,-499,715
168.6,-483,724
168.8,-463,735
169,-446,748
169.2,-428,754
169.4,-409,763
169.6,-389,774
169.8,-371,781
170,-354,790
170.2,-334,796
170.4,-314,802
170.6,-295,810
170.8,-275,816
171,-256,822
171.2,-236,827
171.4,-213,831
171.6,-196,835
171.8,-175,841
172,-154,843
172.2,-135,845
172.4,-115,848
172.6,-94,849
172.8,-74,849
173,-54,850
173.2,-34,850
173.4,-13,850
173.6,7,849
173.8,26,849
174,45,847
174.2,66,844
174.4,86,841
174.6,107,838
174.8,127,836
175,146,831
175.2,165,826
175.4,185,823
175.6,203,815
175.8,222,809
176,241,804
176.2,260,795
176.4,280,789
176.6,297,782
176.8,316,774
177,333,766
177.2,349,755
177.4,368,748
177.6,388,737
177.8,404,727
178,421,716
178.2,438,706
178.4,454,694
178.6,469,682
178.8,486,668
179,500,657
179.2,513,646
179.4,530,632
179.6,545,619
179.8,559,605
180,572,591
180.2,585,577
180.4,597,563
180.6,610,547
180.8,623,532
181,636,517
181.2,645,501
181.4,656,484
181.6,669,470
181.8,677,453
182,687,434
182.2,697,417
182.4,705,402
182.6,715,384
182.8,724,366
183,732,349
183.2,740,331
183.4,745,314
183.6,751,296
183.8,758,277
184,765,259
184.2,768,240
184.4,774,221
184.6,777,201
184.8,781,183
185,784,165
185.2,787,146
185.4,790,128
185.6,794,109
185.8,794,89
186,795,71
186.2,796,53
186.4,795,34
186.6,795,15
186.8,795,-5
187,795,-24
187.2,792,-41
187.4,790,-61
187.6,788,-80
187.8,785,-97
188,782,-116
188.2,778,-135
188.4,773,-155
188.6,767,-171
188.8,762,-190
189,758,-209
189.2,753,-226
189.4,747,-242
189.6,738,-259
189.8,730,-278
190,725,-294
190.2,717,-312
190.4,708,-329
190.6,700,-343
190.8,690,-362
191,680,-379
191.2,672,-391
191.4,662,-409
191.6,650,-424
191.8,639,-438
192,628,-452
192.2,615,-466
192.4,603,-481
192.6,592,-495
192.8,578,-507
193,566,-522
193.2,552,-535
193.4,539,-549
193.6,525,-560
193.8,511,-569
194,499,-583
194.2,484,-593
194.4,468,-604
194.6,453,-615
194.8,438,-624
195,424,-632
195.2,406,-642
195.4,393,-653
195.6,375,-662
195.8,357,-669
196,344,-676
196.2,327,-683
196.4,309,-691
196.6,294,-698
196.8,277,-704
197,259,-710
197.2,240,-715
197.4,224,-719
197.6,208,-725
197.8,188,-729
198,170,-728
198.2,155,-733
198.4,137,-738
198.6,118,-741
198.8,100,-742
199,83,-740
199.2,67,-743
199.4,48,-742
199.6,31,-743
199.8,13,-743
200,-5,-744
200.2,-20,-743
200.4,-39,-742
200.6,-59,-738
200.8,-76,-735
201,-92,-734
201.2,-110,-731
201.4,-127,-727
201.6,-142,-722
201.8,-161,-719
202,-178,-714
202.2,-196,-708
202.4,-212,-702
202.6,-228,-697
202.8,-244,-693
203,-262,-683
203.2,-277,-676
203.4,-293,-669
203.6,-309,-661
203.8,-324,-654
204,-339,-645
204.2,-356,-636
204.4,-368,-627
204.6,-381,-617
204.8,-397,-607
205,-412,-597
205.2,-424,-588
205.4,-436,-577
205.6,-450,-565
205.8,-464,-554
206,-477,-541
206.2,-489,-529
206.4,-500,-518
206.6,-512,-502
206.8,-525,-490
207,-534,-480
207.2,-545,-466
207.4,-555,-453
207.6,-565,-439
207.8,-575,-424
208,-585,-409
208.2,-594,-395
208.4,-603,-381
208.6,-611,-365
208.8,-617,-351
209,-625,-335
209.2,-633,-320
209.4,-641,-307
209.6,-648,-288
209.8,-653,-273
210,-659,-257
210.2,-663,-241
210.4,-670,-225
210.6,-675,-209
210.8,-677,-194
211,-679,-176
211.2,-684,-160
211.4,-687,-142
211.6,-688,-127
211.8,-689,-110
212,-692,-93
212.2,-695,-76
212.4,-696,-60
212.6,-696,-45
212.8,-697,-27
213,-696,-10
213.2,-696,7
213.4,-694,23
213.6,-692,40
213.8,-691,57
214,-688,72
214.2,-686,88
214.4,-683,103
214.6,-680,119
214.8,-676,137
215,-671,154
215.2,-669,168
215.4,-664,184
215.6,-658,199
215.8,-652,214
216,-646,231
216.2,-639,246
216.4,-632,259
216.6,-624,274
216.8,-617,289
217,-611,305
217.2,-602,319
217.4,-594,332
217.6,-587,345
217.8,-577,358
218,-567,372
218.2,-556,385
218.4,-547,397
218.6,-538,411
218.8,-528,424
219,-517,436
219.2,-506,446
219.4,-496,457
219.6,-483,470
219.8,-468,483
220,-458,491
220.2,-447,503
220.4,-435,510
220.6,-421,521
220.8,-407,531
221,-394,539
221.2,-380,550
221.4,-367,556
221.6,-353,566
221.8,-341,573
222,-328,579
222.2,-312,588
222.4,-298,594
222.6,-282,598
222.8,-267,606
223,-253,612
223.2,-240,616
223.4,-224,622
223.6,-208,627
223.8,-193,630
224,-179,634
224.2,-163,636
224.4,-147,639
224.6,-133,642
224.8,-115,644
225,-99,647
225.2,-85,648
225.4,-68,650
225.6,-54,653
225.8,-38,652
226,-22,651
226.2,-6,653
226.4,9,651
226.6,26,649
226.8,39,648
227,54,647
227.2,69,644
227.4,85,642
227.6,101,638
227.8,113,634
228,129,633
228.2,144,629
228.4,160,625
228.6,175,620
228.8,191,614
229,205,608
229.2,217,602
229.4,233,598
229.6,246,590
229.8,259,583
230,272,578
230.2,286,569
230.4,300,561
230.6,313,554
230.8,326,546
231,338,538
231.2,350,530
231.4,364,521
231.6,376,511
231.8,388,501
232,397,491
232.2,410,480
232.4,421,472
232.6,432,460
232.8,443,449
233,452,438
233.2,463,427
233.4,472,416
233.6,481,404
233.8,490,392
234,498,380
234.2,507,366
234.4,512,355
234.6,522,341
234.8,530,328
235,535,316
235.2,544,303
235.4,550,291
235.6,558,276
235.8,565,261
236,569,249
236.2,573,234
236.4,576,220
236.6,583,205
236.8,587,192
237,591,179
237.2,595,162
237.4,598,147
237.6,601,135
237.8,602,122
238,604,104
238.2,607,91
238.4,610,77
238.6,609,62
238.8,610,48
239,611,33
239.2,607,20
239.4,609,5
239.6,609,-10
239.8,608,-25
240,609,-38
240.2,607,-54
240.4,603,-70
240.6,600,-83
240.8,599,-99
241,594,-110
241.2,592,-123
241.4,589,-139
241.6,585,-152
241.8,580,-167
242,575,-179
242.2,569,-193
242.4,564,-208
242.6,559,-220
242.8,554,-233
243,547,-247
243.2,542,-260
243.4,533,-271
243.6,525,-282
243.8,518,-294
244,510,-307
244.2,503,-318
244.4,494,-330
244.6,486,-343
244.8,476,-355
245,467,-364
245.2,458,-375
245.4,449,-386
245.6,441,-396
245.8,429,-406
246,418,-416
246.2,408,-426
246.4,397,-434
246.6,385,-443
246.8,374,-452
247,364,-459
247.2,352,-467
247.4,341,-476
247.6,331,-483
247.8,318,-492
248,304,-498
248.2,293,-503
248.4,280,-510
248.6,267,-516
248.8,254,-522
249,242,-529
249.2,232,-533
249.4,218,-538
249.6,204,-544
249.8,189,-547
250,177,-550
250.2,165,-554
250.4,150,-557
250.6,136,-561
250.8,123,-561
251,110,-564
251.2,96,-568
251.4,80,-568
251.6,69,-569
251.8,55,-571
252,42,-571
252.2,27,-572
252.4,15,-573
252.6,3,-570
252.8,-12,-571
253,-26,-569
253.2,-40,-570
253.4,-52,-569
253.6,-67,-564
253.8,-80,-561
254,-92,-560
254.2,-105,-557
254.4,-120,-553
254.6,-132,-549
254.8,-145,-545
255,-159,-542
255.2,-170,-537
255.4,-184,-532
255.6,-198,-525
255.8,-209,-521
256,-221,-518
256.2,-234,-509
256.4,-245,-503
256.6,-257,-497
256.8,-268,-489
257,-281,-484
257.2,-291,-477
257.4,-301,-469
257.6,-311,-460
257.8,-323,-452
258,-334,-444
258.2,-343,-433
258.4,-353,-426
258.6,-364,-419
258.8,-372,-409
259,-382,-399
259.2,-392,-390
259.4,-399,-381
259.6,-409,-370
259.8,-418,-358
260,-426,-349
260.2,-434,-338
260.4,-441,-328
260.6,-447,-317
260.8,-453,-305
261,-460,-295
261.2,-468,-282
261.4,-473,-270
261.6,-479,-260
261.8,-484,-247
262,-491,-237
262.2,-497,-223
262.4,-501,-212
262.6,-505,-201
262.8,-509,-186
263,-513,-176
263.2,-517,-163
263.4,-519,-150
263.6,-522,-138
263.8,-525,-126
264,-527,-114
264.2,-530,-100
264.4,-531,-86
264.6,-534,-74
264.8,-533,-61
265,-534,-49
265.2,-536,-37
265.4,-535,-23
265.6,-536,-10
265.8,-534,2
266,-534,15
266.2,-534,28
266.4,-531,40
266.6,-530,53
266.8,-529,64
267,-526,77
267.2,-522,89
267.4,-521,103
267.6,-517,116
267.8,-514,125
268,-511,138
268.2,-506,153
268.4,-499,164
268.6,-495,177
268.8,-492,188
269,-488,198
269.2,-482,209
269.4,-476,220
269.6,-471,232
269.8,-464,242
270,-458,253
270.2,-451,265
270.4,-444,274
270.6,-439,284
270.8,-431,295
271,-423,306
271.2,-415,314
271.4,-406,324
271.6,-397,336
271.8,-389,343
272,-382,351
272.2,-374,359
272.4,-365,367
272.6,-354,377
272.8,-344,385
273,-334,391
273.2,-325,399
273.4,-315,406
273.6,-306,413
273.8,-295,419
274,-284,428
274.2,-274,433
274.4,-265,441
274.6,-253,447
274.8,-240,450
275,-230,456
275.2,-218,461
275.4,-207,466
275.6,-198,468
275.8,-185,475
276,-175,480
276.2,-163,479
276.4,-151,484
276.6,-140,488
276.8,-127,490
277,-115,493
277.2,-105,495
277.4,-91,496
277.6,-77,498
277.8,-67,500
278,-57,501
278.2,-43,503
278.4,-31,503
278.6,-21,501
278.8,-8,502
279,8,502
279.2,17,501
279.4,29,499
279.6,43,499
279.8,52,496
280,64,493
280.2,76,492
280.4,87,489
280.6,99,487
280.8,112,484
281,123,481
281.2,131,478
281.4,144,473
281.6,156,470
281.8,166,465
282,177,459
282.2,187,456
282.4,198,451
282.6,209,445
282.8,220,441
283,229,434
283.2,240,427
283.4,249,422
283.6,258,415
283.8,269,408
284,277,400
284.2,287,392
284.4,298,387
284.6,306,379
284.8,313,371
285,322,363
285.2,331,355
285.4,340,349
285.6,347,338
285.8,354,329
286,361,322
286.2,368,311
286.4,376,302
286.6,383,292
286.8,389,284
287,396,275
287.2,403,264
287.4,407,255
287.6,414,244
287.8,419,234
288,424,222
288.2,427,212
288.4,432,204
288.6,437,191
288.8,441,180
289,445,171
289.2,449,161
289.4,451,150
289.6,454,138
289.8,457,125
290,459,116
290.2,462,105
290.4,463,92
290.6,466,82
290.8,466,71
291,468,59
291.2,469,50
291.4,468,39
291.6,470,26
291.8,470,15
292,471,4
292.2,470,-8
292.4,467,-18
292.6,467,-30
292.8,465,-41
293,462,-52
293.2,462,-62
293.4,460,-73
293.6,459,-85
293.8,456,-95
294,453,-105
294.2,450,-117
294.4,447,-128
294.6,442,-138
294.8,438,-148
295,436,-158
295.2,431,-168
295.4,426,-177
295.6,421,-188
295.8,415,-199
296,410,-208
296.2,404,-218
296.4,399,-227
296.6,395,-238
296.8,388,-246
297,381,-254
297.2,375,-263
297.4,367,-273
297.6,360,-279
297.8,352,-288
298,344,-294
298.2,339,-302
298.4,331,-312
298.6,321,-320
298.8,315,-329
299,308,-335
299.2,300,-340
299.4,290,-346
299.6,280,-354
299.8,273,-361
300,263,-364
300.2,255,-372
300.4,247,-376
300.6,237,-382
300.8,226,-388
301,216,-392
301.2,206,-397
301.4,198,-402
301.6,188,-406
301.8,177,-409
302,167,-413
302.2,158,-418
302.4,148,-421
302.6,138,-425
302.8,128,-428
303,117,-429
303.2,106,-431
303.4,97,-431
303.6,86,-433
303.8,75,-437
304,65,-437
304.2,54,-440
304.4,44,-439
304.6,32,-441
304.8,22,-440
305,13,-439
305.2,1,-442
305.4,-12,-438
305.6,-21,-438
305.8,-31,-437
306,-41,-436
306.2,-50,-434
306.4,-60,-433
306.6,-72,-432
306.8,-81,-429
307,-91,-425
307.2,-103,-423
307.4,-112,-421
307.6,-121,-417
307.8,-132,-415
308,-142,-410
308.2,-151,-405
308.4,-160,-401
308.6,-170,-398
308.8,-179,-392
309,-188,-387
309.2,-197,-384
309.4,-206,-378
309.6,-214,-371
309.8,-224,-367
310,-232,-361
310.2,-240,-354
310.4,-248,-348
310.6,-256,-343
310.8,-263,-336
311,-272,-329
311.2,-279,-324
311.4,-288,-314
311.6,-294,-307
311.8,-301,-301
312,-307,-292
312.2,-314,-284
312.4,-320,-278
312.6,-328,-267
312.8,-333,-260
313,-336,-253
313.2,-344,-243
313.4,-350,-236
313.6,-355,-228
313.8,-360,-220
314,-364,-211
314.2,-371,-201
314.4,-373,-192
314.6,-377,-184
314.8,-381,-174
315,-384,-163
315.2,-388,-157
315.4,-390,-146
315.6,-394,-136
315.8,-399,-127
316,-399,-118
316.2,-401,-107
316.4,-404,-98
316.6,-407,-87
316.8,-408,-77
317,-408,-69
317.2,-410,-57
317.4,-411,-48
317.6,-411,-37
317.8,-412,-27
318,-413,-19
318.2,-412,-9
318.4,-410,1
318.6,-412,11
318.8,-412,23
319,-408,31
319.2,-406,39
319.4,-407,49
319.6,-406,60
319.8,-403,70
320,-400,80
320.2,-398,90
320.4,-395,97
320.6,-391,106
320.8,-391,116
321,-387,126
321.2,-384,135
321.4,-379,144
321.6,-373,152
321.8,-372,161
322,-367,168
322.2,-364,176
322.4,-359,186
322.6,-353,194
322.8,-348,202
323,-343,211
323.2,-338,218
323.4,-329,226
323.6,-324,233
323.8,-319,243
324,-314,250
324.2,-307,256
324.4,-300,265
324.6,-291,270
324.8,-285,275
325,-279,281
325.2,-274,288
325.4,-266,296
325.6,-256,300
325.8,-250,307
326,-243,312
326.2,-234,319
326.4,-227,324
326.6,-219,328
326.8,-212,332
327,-203,338
327.2,-194,343
327.4,-185,344
327.6,-178,350
327.8,-168,354
328,-159,356
328.2,-150,361
328.4,-142,363
328.6,-131,368
328.8,-125,370
329,-117,373
329.2,-106,375
329.4,-97,377
329.6,-90,379
329.8,-79,381
330,-70,383
330.2,-62,382
330.4,-52,384
330.6,-42,386
330.8,-33,383
331,-25,385
331.2,-16,384
331.4,-6,384
331.6,3,384
331.8,14,383
332,21,383
332.2,30,381
332.4,40,381
332.6,50,380
332.8,57,379
333,65,377
333.2,75,373
333.4,85,372
333.6,93,369
333.8,100,365
334,109,365
334.2,119,361
334.4,129,357
334.6,136,354
334.8,144,350
335,153,347
335.2,162,342
335.4,170,337
335.6,177,333
335.8,184,328
336,190,325
336.2,199,320
336.4,206,313
336.6,213,307
336.8,221,304
337,228,297
337.2,234,291
337.4,242,288
337.6,249,281
337.8,252,272
338,259,268
338.2,268,259
338.4,272,252
338.6,279,248
338.8,285,239
339,290,232
339.2,295,225
339.4,300,218
339.6,304,209
339.8,308,202
340,314,197
340.2,318,186
340.4,322,179
340.6,325,173
340.8,331,163
341,332,156
341.2,335,148
341.4,338,140
341.6,342,132
341.8,344,123
342,347,115
342.2,350,108
342.4,351,100
342.6,353,89
342.8,355,81
343,356,72
343.2,356,63
343.4,357,56
343.6,359,46
343.8,360,37
344,359,30
344.2,360,20
344.4,362,12
344.6,360,3
344.8,361,-6
345,360,-14
345.2,359,-24
345.4,359,-33
345.6,358,-40
345.8,356,-47
346,354,-56
346.2,351,-65
346.4,348,-72
346.6,349,-82
346.8,346,-91
347,343,-97
347.2,340,-108
347.4,338,-114
347.6,334,-121
347.8,330,-129
348,326,-136
348.2,323,-145
348.4,321,-153
348.6,315,-161
348.8,312,-166
349,307,-174
349.2,300,-181
349.4,297,-188
349.6,291,-195
349.8,286,-201
350,284,-209
350.2,278,-215
350.4,272,-220
350.6,265,-227
350.8,261,-233
351,253,-237
351.2,248,-245
351.4,241,-253
351.6,234,-255
351.8,229,-260
352,220,-267
352.2,215,-271
352.4,210,-275
352.6,202,-281
352.8,195,-286
353,188,-290
353.2,181,-294
353.4,173,-296
353.6,168,-302
353.8,158,-305
354,149,-307
354.2,146,-312
354.4,138,-314
354.6,129,-317
354.8,121,-320
355,112,-324
355.2,107,-325
355.4,98,-327
355.6,89,-330
355.8,81,-332
356,75,-331
356.2,66,-333
356.4,56,-335
356.6,51,-336
356.8,42,-338
357,31,-336
357.2,25,-337
357.4,17,-338
357.6,9,-338
357.8,2,-338
358,-8,-336
358.2,-16,-337
358.4,-24,-336
358.6,-30,-334
358.8,-38,-333
359,-47,-333
359.2,-57,-331
359.4,-64,-328
359.6,-69,-327
359.8,-78,-324
360,-87,-322
360.2,-94,-319
360.4,-101,-317
360.6,-107,-313
360.8,-116,-311
361,-122,-309
361.2,-129,-306
361.4,-139,-300
361.6,-144,-297
361.8,-150,-294
362,-158,-290
362.2,-165,-287
362.4,-172,-280
362.6,-178,-276
362.8,-184,-272
363,-191,-265
363.2,-197,-261
363.4,-202,-258
363.6,-207,-251
363.8,-213,-246
364,-219,-242
364.2,-224,-236
364.4,-229,-230
364.6,-235,-226
364.8,-240,-220
365,-245,-214
365.2,-250,-208
365.4,-254,-199
365.6,-259,-193
365.8,-263,-190
366,-268,-183
366.2,-273,-175
366.4,-276,-167
366.6,-279,-161
366.8,-284,-156
367,-287,-147
367.2,-289,-139
367.4,-291,-133
367.6,-296,-126
367.8,-298,-119
368,-300,-111
368.2,-302,-104
368.4,-304,-98
368.6,-307,-89
368.8,-309,-81
369,-311,-73
369.2,-311,-68
369.4,-311,-58
369.6,-313,-52
369.8,-314,-45
370,-316,-37
370.2,-316,-31
370.4,-314,-22
370.6,-315,-15
370.8,-316,-7
371,-314,1
371.2,-314,7
371.4,-314,14
371.6,-312,24
371.8,-313,33
372,-311,38
372.2,-310,47
372.4,-308,53
372.6,-305,60
372.8,-303,66
373,-303,74
373.2,-300,82
373.4,-298,90
373.6,-295,95
373.8,-293,102
374,-292,110
374.2,-286,117
374.4,-282,124
374.6,-281,130
374.8,-277,136
375,-274,140
375.2,-269,149
375.4,-266,156
375.6,-263,163
375.8,-258,168
376,-254,174
376.2,-249,180
376.4,-243,185
376.6,-240,191
376.8,-235,196
377,-229,201
377.2,-224,207
377.4,-218,211
377.6,-213,218
377.8,-208,223
378,-203,225
378.2,-198,230
378.4,-192,234
378.6,-185,239
378.8,-180,244
379,-174,247
379.2,-167,251
379.4,-162,255
379.6,-155,258
379.8,-149,260
380,-141,266
380.2,-134,269
380.4,-131,272
380.6,-122,274
380.8,-115,277
381,-109,280
381.2,-102,280
381.4,-96,284
381.6,-88,285
381.8,-81,286
382,-73,288
382.2,-67,288
382.4,-60,289
382.6,-54,292
382.8,-46,292
383,-40,293
383.2,-35,294
383.4,-26,295
383.6,-17,294
383.8,-11,295
384,-5,294
384.2,3,294
384.4,11,294
384.6,18,293
384.8,24,290
385,30,291
385.2,38,289
385.4,46,287
385.6,50,287
385.8,58,285
386,67,284
386.2,71,283
386.4,79,280
386.6,86,278
386.8,91,276
387,97,274
387.2,105,272
387.4,111,268
387.6,117,264
387.8,124,262
388,131,258
388.2,134,255
388.4,142,251
388.6,149,248
388.8,152,244
389,159,240
389.2,165,236
389.4,168,230
389.6,174,227
389.8,180,223
390,185,218
390.2,189,214
390.4,195,207
390.6,199,202
390.8,203,200
391,210,194
391.2,212,187
391.4,216,184
391.6,221,178
391.8,224,171
392,229,166
392.2,233,160
392.4,236,155
392.6,241,150
392.8,243,144
393,244,137
393.2,249,132
393.4,253,125
393.6,255,118
393.8,257,112
394,259,108
394.2,262,100
394.4,264,93
394.6,265,88
394.8,266,81
395,268,74
395.2,270,68
395.4,271,61
395.6,271,53
395.8,272,48
396,273,41
396.2,274,35
396.4,277,27
396.6,276,21
396.8,274,14
397,276,7
397.2,277,4
397.4,278,-4
397.6,276,-11
397.8,274,-16
398,273,-25
398.2,273,-30
398.4,270,-37
398.6,268,-44
398.8,269,-51
399,268,-57
399.2,264,-62
399.4,263,-69
399.6,261,-77
399.8,260,-81
400,258,-86
400.2,253,-92
400.4,251,-101
400.6,249,-105
400.8,247,-112
401,243,-119
401.2,240,-122
401.4,236,-127
401.6,233,-134
401.8,230,-141
402,226,-145
402.2,221,-149
402.4,220,-154
402.6,216,-159
402.8,210,-165
403,205,-169
403.2,203,-175
403.4,200,-178
403.6,194,-182
403.8,187,-188
404,183,-191
404.2,178,-197
404.4,175,-200
404.6,170,-203
404.8,165,-209
405,160,-212
405.2,154,-216
405.4,147,-220
405.6,143,-223
405.8,138,-226
406,132,-229
406.2,126,-231
406.4,120,-233
406.6,115,-235
406.8,110,-239
407,103,-241
407.2,96,-241
407.4,92,-246
407.6,87,-248
407.8,78,-247
408,72,-250
408.2,67,-251
408.4,60,-252
408.6,55,-254
408.8,51,-255
409,45,-254
409.2,38,-255
409.4,30,-256
409.6,24,-257
409.8,18,-257
410,13,-256
410.2,8,-258
410.4,0,-257
410.6,-5,-257
410.8,-11,-256
411,-17,-256
411.2,-24,-254
411.4,-28,-252
411.6,-36,-251
411.8,-41,-251
412,-48,-250
412.2,-55,-249
412.4,-59,-246
412.6,-65,-245
412.8,-71,-243
413,-77,-241
413.2,-80,-242
413.4,-89,-237
413.6,-96,-235
413.8,-100,-232
414,-107,-227
414.2,-111,-224
414.4,-115,-223
414.6,-120,-221
414.8,-126,-217
415,-131,-214
415.2,-136,-213
415.4,-141,-207
415.6,-146,-204
415.8,-151,-200
416,-155,-197
416.2,-159,-192
416.4,-164,-189
416.6,-167,-183
416.8,-171,-177
417,-176,-175
417.2,-180,-172
417.4,-184,-167
417.6,-189,-163
417.8,-192,-158
418,-193,-152
418.2,-196,-148
418.4,-202,-143
418.6,-206,-138
418.8,-207,-134
419,-209,-126
419.2,-212,-121
419.4,-215,-117
419.6,-218,-112
419.8,-220,-107
420,-225,-101
420.2,-227,-96
420.4,-227,-89
420.6,-230,-83
420.8,-231,-77
421,-230,-72
421.2,-233,-68
421.4,-235,-62
421.6,-235,-55
421.8,-237,-50
422,-238,-43
422.2,-239,-37
422.4,-240,-32
422.6,-239,-27
422.8,-240,-21
423,-240,-14
423.2,-240,-11
423.4,-241,-5
423.6,-240,3
423.8,-239,8
424,-240,11
424.2,-238,19
424.4,-236,26
424.6,-237,31
424.8,-235,35
425,-234,41
425.2,-234,48
425.4,-233,53
425.6,-230,59
425.8,-228,62
426,-226,68
426.2,-226,75
426.4,-224,79
426.6,-221,85
426.8,-218,90
427,-216,95
427.2,-214,100
427.4,-211,106
427.6,-208,110
427.8,-206,114
428,-202,122
428.2,-198,125
428.4,-194,128
428.6,-192,133
428.8,-189,136
429,-187,141
429.2,-182,147
429.4,-177,150
429.6,-174,153
429.8,-170,158
430,-164,162
430.2,-160,164
430.4,-158,169
430.6,-155,173
430.8,-150,175
431,-146,179
431.2,-140,183
431.4,-135,186
431.6,-130,189
431.8,-127,190
432,-124,194
432.2,-118,198
432.4,-112,201
432.6,-108,203
432.8,-103,205
433,-97,206
433.2,-93,209
433.4,-88,212
433.6,-81,214
433.8,-77,213
434,-72,215
434.2,-67,215
434.4,-62,219
434.6,-55,221
434.8,-51,219
435,-45,221
435.2,-40,221
435.4,-35,221
435.6,-29,224
435.8,-24,225
436,-18,223
436.2,-12,223
436.4,-9,225
436.6,-1,224
436.8,5,225
437,10,224
437.2,15,222
437.4,19,222
437.6,23,222
437.8,29,222
438,35,220
438.2,39,218
438.4,47,216
438.6,50,215
438.8,55,215
439,61,213
439.2,64,211
439.4,70,209
439.6,77,206
439.8,78,205
440,84,204
440.2,90,200
440.4,94,196
440.6,99,196
440.8,104,192
441,111,188
441.2,113,188
441.4,116,184
441.6,122,179
441.8,127,178
442,128,178
442.2,133,173
442.4,138,167
442.6,140,165
442.8,144,161
443,150,155
443.2,151,153
443.4,154,151
443.6,160,147
443.8,163,144
444,167,140
444.2,170,135
444.4,171,130
444.6,174,127
444.8,179,123
445,180,116
445.2,183,111
445.4,186,107
445.6,186,103
445.8,189,98
446,191,92
446.2,193,91
446.4,195,85
446.6,198,79
446.8,201,75
447,200,70
447.2,202,66
447.4,204,61
447.6,204,55
447.8,204,51
448,207,45
448.2,208,41
448.4,208,36
448.6,207,30
448.8,208,26
449,208,22
449.2,208,17
449.4,210,11
449.6,209,7
449.8,210,1
450,210,-3
450.2,210,-9
450.4,209,-15
450.6,206,-20
450.8,207,-22
451,208,-28
451.2,205,-33
451.4,203,-39
451.6,202,-43
451.8,201,-48
452,200,-53
452.2,198,-57
452.4,197,-61
452.6,196,-67
452.8,193,-73
453,190,-75
453.2,189,-80
453.4,186,-85
453.6,183,-90
453.8,181,-94
454,180,-99
454.2,178,-102
454.4,176,-105
454.6,172,-110
454.8,170,-114
455,167,-118
455.2,163,-123
455.4,158,-125
455.6,156,-130
455.8,154,-133
456,149,-136
456.2,145,-140
456.4,141,-144
456.6,138,-148
456.8,136,-150
457,132,-152
457.2,129,-154
457.4,123,-158
457.6,119,-161
457.8,117,-162
458,113,-165
458.2,107,-169
458.4,104,-171
458.6,101,-174
458.8,94,-176
459,91,-177
459.2,86,-178
459.4,80,-182
459.6,79,-183
459.8,73,-184
460,68,-186
460.2,64,-187
460.4,59,-188
460.6,54,-190
460.8,50,-192
461,46,-191
461.2,43,-191
461.4,37,-194
461.6,32,-194
461.8,27,-195
462,21,-195
462.2,19,-195
462.4,13,-197
462.6,8,-194
462.8,6,-195
463,-1,-194
463.2,-6,-194
463.4,-10,-195
463.6,-14,-194
463.8,-19,-193
464,-23,-192
464.2,-28,-193
464.4,-34,-192
464.6,-38,-191
464.8,-42,-189
465,-48,-189
465.2,-51,-185
465.4,-54,-183
465.6,-58,-184
465.8,-64,-181
466,-68,-181
466.2,-73,-178
466.4,-77,-176
466.6,-81,-173
466.8,-83,-172
467,-89,-169
467.2,-93,-166
467.4,-97,-164
467.6,-102,-161
467.8,-104,-160
468,-106,-157
468.2,-109,-153
468.4,-114,-152
468.6,-118,-149
468.8,-122,-146
469,-126,-142
469.2,-129,-140
469.4,-130,-136
469.6,-135,-133
469.8,-139,-131
470,-140,-125
470.2,-142,-121
470.4,-145,-118
470.6,-149,-116
470.8,-152,-112
471,-153,-108
471.2,-154,-103
471.4,-157,-99
471.6,-160,-94
471.8,-161,-92
472,-163,-87
472.2,-168,-85
472.4,-169,-81
472.6,-171,-75
472.8,-172,-72
473,-171,-67
473.2,-173,-63
473.4,-175,-62
473.6,-176,-54
473.8,-177,-48
474,-178,-46
474.2,-178,-42
474.4,-180,-38
474.6,-180,-31
474.8,-182,-28
475,-183,-24
475.2,-182,-20
475.4,-183,-14
475.6,-182,-11
475.8,-182,-6
476,-182,0
476.2,-182,3
476.4,-183,8
476.6,-181,10
476.8,-181,15
477,-180,20
477.2,-180,22
477.4,-179,29
477.6,-177,33
477.8,-176,35
478,-175,40
478.2,-175,45
478.4,-173,50
478.6,-172,55
478.8,-170,56
479,-169,61
479.2,-167,66
479.4,-164,67
479.6,-163,71
479.8,-163,75
480,-158,80
480.2,-156,83
480.4,-156,87
480.6,-154,91
480.8,-151,95
481,-147,98
481.2,-144,102
481.4,-143,104
481.6,-142,107
481.8,-136,113
482,-134,114
482.2,-134,116
482.4,-129,120
482.6,-126,124
482.8,-124,125
483,-120,128
483.2,-115,132
483.4,-113,135
483.6,-110,136
483.8,-105,139
484,-102,142
484.2,-99,143
484.4,-96,145
484.6,-92,147
484.8,-87,150
485,-85,152
485.2,-82,153
485.4,-79,156
485.6,-72,157
485.8,-66,159
486,-66,160
486.2,-62,162
486.4,-56,162
486.6,-55,165
486.8,-50,167
487,-46,167
487.2,-42,168
487.4,-38,168
487.6,-36,167
487.8,-29,168
488,-24,170
488.2,-22,171
488.4,-19,169
488.6,-14,168
488.8,-10,170
489,-6,171
489.2,-2,170
489.4,1,170
489.6,6,170
489.8,11,169
490,13,168
490.2,19,170
490.4,23,168
490.6,27,167
490.8,32,166
491,35,164
491.2,39,164
491.4,43,161
491.6,46,159
491.8,51,160
492,55,159
492.2,57,158
492.4,60,155
492.6,65,154
492.8,69,153
493,72,148
493.2,75,148
493.4,79,147
493.6,82,144
493.8,87,143
494,88,141
494.2,91,137
494.4,96,136
494.6,97,132
494.8,100,130
495,104,129
495.2,107,125
495.4,108,122
495.6,112,119
495.8,116,117
496,119,114
496.2,121,110
496.4,124,109
496.6,128,106
496.8,126,101
497,129,99
497.2,133,97
497.4,133,94
497.6,135,89
497.8,138,86
498,140,80
498.2,143,79
498.4,143,77
498.6,145,71
498.8,148,66
499,149,64
499.2,151,60
499.4,152,57
499.6,152,54
499.8,155,49
500,155,44
500.2,154,42
500.4,157,40
500.6,157,34
500.8,156,30
501,156,25
501.2,157,23
501.4,158,20
501.6,159,16
501.8,161,11
502,157,9
502.2,159,4
502.4,158,-2
502.6,156,-5
502.8,156,-7
503,157,-11
503.2,157,-16
503.4,156,-18
503.6,156,-22
503.8,155,-27
504,155,-30
504.2,152,-35
504.4,153,-37
504.6,151,-40
504.8,150,-45
505,149,-48
505.2,147,-51
505.4,146,-54
505.6,144,-59
505.8,143,-62
506,143,-62
506.2,140,-68
506.4,138,-71
506.6,136,-74
506.8,134,-78
507,133,-81
507.2,132,-84
507.4,129,-86
507.6,126,-91
507.8,123,-92
508,122,-93
508.2,117,-98
508.4,113,-102
508.6,113,-104
508.8,110,-105
509,107,-108
509.2,105,-112
509.4,102,-113
509.6,99,-116
509.8,98,-118
510,93,-121
510.2,90,-122
510.4,86,-124
510.6,85,-128
510.8,84,-128
511,80,-129
511.2,76,-132
511.4,73,-133
511.6,68,-133
511.8,67,-136
512,61,-138
512.2,59,-138
512.4,56,-141
512.6,53,-141
512.8,48,-143
513,43,-142
513.2,42,-143
513.4,37,-144
513.6,34,-144
513.8,31,-145
514,27,-147
514.2,24,-146
514.4,19,-147
514.6,18,-148
514.8,15,-148
515,10,-148
515.2,8,-148
515.4,4,-147
515.6,-2,-148
515.8,-5,-147
516,-9,-146
516.2,-13,-147
516.4,-16,-146
516.6,-17,-146
516.8,-21,-147
517,-25,-145
517.2,-28,-144
517.4,-32,-143
517.6,-36,-143
517.8,-40,-140
518,-43,-139
518.2,-44,-139
518.4,-48,-138
518.6,-53,-137
518.8,-57,-135
519,-59,-135
519.2,-62,-131
519.4,-66,-130
519.6,-67,-128
519.8,-70,-126
520,-73,-124
520.2,-76,-123
520.4,-81,-122
520.6,-81,-119
520.8,-84,-116
521,-88,-114
521.2,-91,-112
521.4,-94,-109
521.6,-95,-107
521.8,-98,-105
522,-98,-103
522.2,-101,-100
522.4,-105,-98
522.6,-105,-94
522.8,-109,-93
523,-111,-92
523.2,-114,-89
523.4,-115,-84
523.6,-117,-80
523.8,-119,-78
524,-118,-76
524.2,-122,-71
524.4,-124,-69
524.6,-125,-65
524.8,-127,-63
525,-127,-61
525.2,-128,-57
525.4,-131,-54
525.6,-132,-50
525.8,-133,-48
526,-134,-45
526.2,-133,-42
526.4,-133,-38
526.6,-135,-35
526.8,-136,-31
527,-137,-28
527.2,-136,-24
527.4,-137,-21
527.6,-137,-20
527.8,-138,-15
528,-139,-11
528.2,-138,-9
528.4,-137,-6
528.6,-138,-2
528.8,-138,2
529,-138,4
529.2,-138,8
529.4,-138,10
529.6,-137,14
529.8,-136,18
530,-135,22
530.2,-134,24
530.4,-132,28
530.6,-132,30
530.8,-132,34
531,-132,37
531.2,-130,40
531.4,-128,42
531.6,-129,47
531.8,-126,48
532,-124,52
532.2,-125,57
532.4,-123,58
532.6,-121,60
532.8,-119,64
533,-118,68
533.2,-115,68
533.4,-113,71
533.6,-113,74
533.8,-110,75
534,-109,79
534.2,-106,80
534.4,-104,85
534.6,-103,88
534.8,-102,89
535,-98,91
535.2,-96,93
535.4,-93,95
535.6,-91,97
535.8,-88,100
536,-86,103
536.2,-83,104
536.4,-80,108
536.6,-78,107
536.8,-75,108
537,-73,110
537.2,-71,111
537.4,-68,114
537.6,-65,116
537.8,-64,115
538,-62,116
538.2,-54,120
538.4,-52,121
538.6,-51,121
538.8,-48,124
539,-45,125
539.2,-40,125
539.4,-39,126
539.6,-36,125
539.8,-32,127
540,-29,126
540.2,-26,128
540.4,-24,129
540.6,-21,128
540.8,-18,129
541,-15,129
541.2,-9,129
541.4,-7,130
541.6,-5,129
541.8,-1,130
542,1,131
542.2,4,128
542.4,9,128
542.6,10,127
542.8,15,129
543,17,127
543.2,19,125
543.4,23,127
543.6,25,125
543.8,30,124
544,34,122
544.2,34,120
544.4,38,123
544.6,42,120
544.8,43,120
545,46,119
545.2,49,117
545.4,52,115
545.6,54,114
545.8,57,112
546,59,109
546.2,62,111
546.4,64,108
546.6,67,106
546.8,70,106
547,74,103
547.2,75,100
547.4,77,98
547.6,80,97
547.8,81,94
548,83,92
548.2,85,92
548.4,86,89
548.6,91,87
548.8,93,85
549,92,81
549.2,93,81
549.4,98,78
549.6,100,76
549.8,101,73
550,103,70
550.2,103,67
550.4,105,64
550.6,107,60
550.8,107,58
551,110,57
551.2,112,52
551.4,112,51
551.6,113,49
551.8,115,47
552,115,45
552.2,115,40
552.4,116,38
552.6,116,35
552.8,118,32
553,119,30
553.2,118,27
553.4,118,24
553.6,120,19
553.8,122,17
554,122,17
554.2,121,12
554.4,121,8
554.6,120,9
554.8,120,4
555,121,2
555.2,120,-3
555.4,118,-5
555.6,120,-8
555.8,120,-11
556,118,-12
556.2,119,-17
556.4,118,-19
556.6,117,-22
556.8,117,-24
557,115,-27
557.2,117,-32
557.4,115,-33
557.6,111,-35
557.8,111,-37
558,110,-41
558.2,110,-44
558.4,109,-47
558.6,107,-49
558.8,106,-49
559,106,-53
559.2,104,-56
559.4,101,-59
559.6,102,-61
559.8,99,-63
560,97,-64
560.2,97,-66
560.4,94,-70
560.6,92,-72
560.8,88,-72
561,87,-75
561.2,89,-77
561.4,83,-80
561.6,81,-83
561.8,82,-83
562,78,-86
562.2,77,-90
562.4,75,-90
562.6,71,-91
562.8,70,-93
563,67,-94
563.2,65,-95
563.4,65,-96
563.6,61,-99
563.8,58,-99
564,56,-100
564.2,53,-102
564.4,51,-103
564.6,47,-103
564.8,46,-106
565,42,-105
565.2,40,-108
565.4,35,-108
565.6,34,-108
565.8,33,-109
566,31,-110
566.2,29,-112
566.4,26,-110
566.6,21,-110
566.8,20,-114
567,17,-112
567.2,14,-112
567.4,12,-114
567.6,9,-112
567.8,5,-111
568,2,-112
568.2,1,-112
568.4,-1,-112
568.6,-5,-112
568.8,-10,-112
569,-11,-112
569.2,-12,-111
569.4,-16,-110
569.6,-18,-111
569.8,-20,-109
570,-21,-109
570.2,-25,-109
570.4,-28,-107
570.6,-30,-106
570.8,-35,-105
571,-35,-106
571.2,-38,-104
571.4,-40,-101
571.6,-43,-101
571.8,-46,-100
572,-47,-99
572.2,-49,-99
572.4,-53,-98
572.6,-56,-95
572.8,-57,-93
573,-58,-92
573.2,-61,-92
573.4,-62,-91
573.6,-64,-89
573.8,-68,-86
574,-70,-83
574.2,-72,-81
574.4,-72,-81
574.6,-75,-79
574.8,-77,-79
575,-78,-77
575.2,-79,-73
575.4,-80,-70
575.6,-83,-68
575.8,-84,-67
576,-86,-63
576.2,-88,-62
576.4,-89,-60
576.6,-91,-58
576.8,-92,-56
577,-94,-53
577.2,-93,-55
577.4,-95,-51
577.6,-96,-47
577.8,-97,-43
578,-98,-41
578.2,-99,-39
578.4,-99,-37
578.6,-101,-34
578.8,-101,-32
579,-101,-31
579.2,-103,-27
579.4,-101,-25
579.6,-103,-24
579.8,-104,-19
580,-104,-18
580.2,-103,-15
580.4,-102,-13
580.6,-106,-11
580.8,-103,-6
581,-103,-1
581.2,-106,-1
581.4,-106,-1
581.6,-105,2
581.8,-104,6
582,-105,8
582.2,-105,10
582.4,-104,12
582.6,-104,14
582.8,-102,17
583,-102,20
583.2,-101,21
583.4,-100,23
583.6,-102,26
583.8,-101,28
584,-97,33
584.2,-98,35
584.4,-98,35
584.6,-93,38
584.8,-94,40
585,-95,43
585.2,-92,44
585.4,-90,47
585.6,-88,49
585.8,-86,53
586,-87,53
586.2,-86,54
586.4,-85,59
586.6,-82,58
586.8,-80,60
587,-80,64
587.2,-79,64
587.4,-79,66
587.6,-76,69
587.8,-74,69
588,-72,72
588.2,-70,74
588.4,-67,74
588.6,-67,77
588.8,-64,78
589,-62,77
589.2,-61,79
589.4,-57,81
589.6,-55,84
589.8,-55,85
590,-52,86
590.2,-50,86
590.4,-48,89
590.6,-45,90
590.8,-41,89
591,-41,89
591.2,-40,92
591.4,-35,92
591.6,-36,91
591.8,-34,93
592,-29,95
592.2,-29,95
592.4,-27,96
592.6,-24,97
592.8,-21,96
593,-17,96
593.2,-16,99
593.4,-15,99
593.6,-12,99
593.8,-9,97
594,-7,97
594.2,-3,99
594.4,-2,97
594.6,0,97
594.8,4,98
595,5,97
595.2,6,96
595.4,11,98
595.6,13,97
595.8,13,95
596,16,97
596.2,18,95
596.4,18,95
596.6,23,96
596.8,25,94
597,27,94
597.2,29,92
597.4,33,92
597.6,35,91
597.8,37,89
598,39,88
598.2,40,89
598.4,42,87
598.6,44,85
598.8,45,83
599,47,81
599.2,50,81
599.4,52,80
599.6,52,79
599.8,53,77
600,58,75
600.2,59,75
600.4,61,72
600.6,64,71
600.8,64,71
601,65,67
601.2,67,66
601.4,70,66
601.6,71,64
601.8,72,62
602,74,60
602.2,76,59
602.4,77,55
602.6,76,55
602.8,76,53
603,79,52
603.2,79,49
603.4,81,45
603.6,83,44
603.8,82,42
604,85,40
604.2,86,39
604.4,85,37
604.6,86,34
604.8,86,33
605,89,29
605.2,88,27
605.4,87,25
605.6,88,24
605.8,89,20
606,89,17
606.2,92,16
606.4,91,14
606.6,94,13
606.8,91,11
607,89,7
607.2,91,5
607.4,91,4
607.6,91,1
607.8,91,0
608,90,-3
608.2,90,-6
608.4,91,-7
608.6,91,-9
608.8,92,-11
609,90,-14
609.2,89,-16
609.4,89,-18
609.6,88,-20
609.8,88,-23
610,86,-24
610.2,85,-27
610.4,86,-29
610.6,84,-30
610.8,82,-33
611,83,-35
611.2,83,-36
611.4,81,-38
611.6,81,-39
611.8,79,-40
612,79,-45
612.2,78,-45
612.4,74,-46
612.6,74,-48
612.8,75,-49
613,73,-52
613.2,70,-54
613.4,69,-54
613.6,68,-56
613.8,67,-56
614,65,-60
614.2,63,-61
614.4,62,-61
614.6,60,-65
614.8,59,-66
615,58,-67
615.2,55,-68
615.4,54,-69
615.6,53,-70
615.8,49,-71
616,48,-72
616.2,48,-74
616.4,44,-75
616.6,43,-77
616.8,42,-77
617,39,-78
617.2,39,-77
617.4,36,-78
617.6,32,-80
617.8,32,-81
618,29,-79
618.2,28,-82
618.4,26,-81
618.6,25,-82
618.8,21,-84
619,18,-84
619.2,18,-85
619.4,15,-83
619.6,14,-84
619.8,12,-86
620,9,-87
620.2,8,-84
620.4,6,-85
620.6,1,-85
620.8,1,-83
621,0,-85
621.2,-3,-87
621.4,-5,-84
621.6,-5,-86
621.8,-8,-84
622,-12,-83
622.2,-12,-85
622.4,-15,-81
622.6,-16,-81
622.8,-20,-82
623,-21,-82
623.2,-21,-82
623.4,-24,-81
623.6,-26,-78
623.8,-28,-79
624,-31,-78
624.2,-32,-76
624.4,-33,-77
624.6,-36,-77
624.8,-36,-73
625,-38,-74
625.2,-39,-75
625.4,-41,-73
625.6,-45,-71
625.8,-45,-71
626,-48,-68
626.2,-47,-68
626.4,-48,-68
626.6,-51,-66
626.8,-54,-63
627,-56,-63
627.2,-56,-63
627.4,-58,-60
627.6,-60,-58
627.8,-59,-57
628,-60,-55
628.2,-62,-52
628.4,-63,-52
628.6,-64,-48
628.8,-65,-46
629,-68,-48
629.2,-68,-46
629.4,-70,-44
629.6,-71,-42
629.8,-71,-41
630,-73,-39
630.2,-71,-37
630.4,-72,-35
630.6,-73,-33
630.8,-74,-31
631,-75,-31
631.2,-78,-30
631.4,-77,-27
631.6,-77,-25
631.8,-77,-22
632,-79,-20
632.2,-79,-19
632.4,-78,-17
632.6,-80,-15
632.8,-79,-12
633,-78,-11
633.2,-79,-8
633.4,-80,-8
633.6,-80,-7
633.8,-80,-5
634,-80,0
634.2,-79,1
634.4,-79,2
634.6,-80,4
634.8,-81,5
635,-79,7
635.2,-79,11
635.4,-77,12
635.6,-78,15
635.8,-79,15
636,-75,17
636.2,-75,18
636.4,-76,20
636.6,-75,23
636.8,-74,25
637,-75,25
637.2,-74,26
637.4,-72,29
637.6,-71,31
637.8,-70,34
638,-70,36
638.2,-69,36
638.4,-68,37
638.6,-67,39
638.8,-66,40
639,-66,42
639.2,-65,44
639.4,-62,45
639.6,-62,48
639.8,-62,48
640,-60,49
640.2,-57,49
640.4,-58,51
640.6,-57,55
640.8,-54,55
641,-53,54
641.2,-51,56
641.4,-51,58
641.6,-49,60
641.8,-47,61
642,-46,62
642.2,-43,63
642.4,-43,62
642.6,-44,64
642.8,-39,66
643,-37,66
643.2,-36,67
643.4,-35,67
643.6,-33,69
643.8,-32,70
644,-31,69
644.2,-28,69
644.4,-26,71
644.6,-25,71
644.8,-23,74
645,-20,72
645.2,-20,73
645.4,-18,74
645.6,-16,74
645.8,-13,75
646,-12,74
646.2,-11,74
646.4,-9,75
646.6,-7,74
646.8,-5,73
647,-4,73
647.2,-2,74
647.4,3,74
647.6,2,74
647.8,1,74
648,4,73
648.2,7,74
648.4,9,74
648.6,11,74
648.8,13,74
649,14,74
649.2,15,72
649.4,18,72
649.6,20,71
649.8,20,70
650,22,68
650.2,26,69
650.4,27,70
650.6,27,68
650.8,29,68
651,30,67
651.2,33,66
651.4,33,66
651.6,34,65
651.8,37,62
652,38,63
652.2,39,62
652.4,40,60
652.6,42,59
652.8,41,59
653,44,57
653.2,46,57
653.4,48,56
653.6,48,53
653.8,48,52
654,50,53
654.2,51,50
654.4,53,47
654.6,53,45
654.8,54,46
655,56,44
655.2,57,42
655.4,59,41
655.6,60,40
655.8,60,38
656,62,37
656.2,60,37
656.4,62,35
656.6,64,32
656.8,63,31
657,64,28
657.2,65,27
657.4,65,26
657.6,66,25
657.8,66,24
658,68,21
658.2,68,21
658.4,69,17
658.6,69,17
658.8,69,15
659,70,13
659.2,69,12
659.4,69,10
659.6,69,8
659.8,70,9
660,70,5
660.2,70,2
660.4,69,1
660.6,68,-1
660.8,72,-3
661,70,-3
661.2,69,-6
661.4,68,-7
661.6,67,-7
661.8,70,-9
662,69,-12
662.2,68,-12
662.4,67,-15
662.6,66,-16
662.8,66,-18
663,64,-19
663.2,65,-22
663.4,65,-22
663.6,63,-23
663.8,65,-25
664,64,-28
664.2,62,-29
664.4,60,-28
664.6,61,-30
664.8,61,-34
665,58,-33
665.2,57,-35
665.4,57,-36
665.6,55,-38
665.8,56,-38
666,55,-40
666.2,53,-39
666.4,53,-42
666.6,53,-43
666.8,51,-45
667,48,-48
667.2,47,-47
667.4,48,-48
667.6,45,-50
667.8,44,-51
668,43,-52
668.2,42,-52
668.4,40,-53
668.6,39,-53
668.8,37,-55
669,37,-57
669.2,35,-58
669.4,33,-58
669.6,31,-58
669.8,31,-61
670,30,-59
670.2,27,-59
670.4,28,-60
670.6,26,-63
670.8,24,-60
671,22,-61
671.2,19,-62
671.4,19,-61
671.6,17,-61
671.8,14,-64
672,14,-64
672.2,11,-65
672.4,10,-66
672.6,10,-65
672.8,10,-64
673,7,-62
673.2,4,-64
673.4,4,-65
673.6,1,-64
673.8,0,-63
674,-1,-65
674.2,-4,-66
674.4,-6,-66
674.6,-6,-63
674.8,-7,-64
675,-7,-63
675.2,-11,-63
675.4,-13,-63
675.6,-13,-62
675.8,-14,-62
676,-15,-62
676.2,-20,-62
676.4,-20,-61
676.6,-21,-60
676.8,-22,-60
677,-23,-58
677.2,-25,-58
677.4,-26,-57
677.6,-27,-57
677.8,-30,-56
678,-30,-55
678.2,-31,-55
678.4,-33,-55
678.6,-33,-54
678.8,-36,-51
679,-37,-51
679.2,-37,-50
679.4,-39,-50
679.6,-39,-47
679.8,-40,-47
680,-39,-47
680.2,-44,-46
680.4,-44,-44
680.6,-44,-45
680.8,-46,-42
681,-46,-42
681.2,-47,-42
681.4,-47,-38
681.6,-50,-38
681.8,-50,-37
682,-52,-35
682.2,-52,-34
682.4,-52,-33
682.6,-55,-30
682.8,-55,-30
683,-55,-27
683.2,-55,-24
683.4,-55,-25
683.6,-59,-25
683.8,-59,-23
684,-57,-21
684.2,-58,-20
684.4,-58,-19
684.6,-59,-18
684.8,-59,-16
685,-61,-15
685.2,-60,-13
685.4,-61,-11
685.6,-63,-11
685.8,-60,-9
686,-61,-9
686.2,-60,-5
686.4,-58,-3
686.6,-61,-1
686.8,-62,-1
687,-60,0
687.2,-60,2
687.4,-62,3
687.6,-60,5
687.8,-60,5
688,-61,6
688.2,-59,7
688.4,-58,8
688.6,-59,10
688.8,-60,12
689,-60,13
689.2,-58,16
689.4,-57,18
689.6,-58,19
689.8,-56,19
690,-56,19
690.2,-57,22
690.4,-56,23
690.6,-54,23
690.8,-52,24
691,-53,27
691.2,-51,27
691.4,-50,30
691.6,-51,31
691.8,-50,31
692,-47,33
692.2,-48,34
692.4,-47,34
692.6,-46,36
692.8,-46,38
693,-45,38
693.2,-43,38
693.4,-42,41
693.6,-43,40
693.8,-41,42
694,-39,43
694.2,-39,42
694.4,-39,45
694.6,-37,47
694.8,-35,47
695,-33,48
695.2,-32,46
695.4,-31,47
695.6,-31,50
695.8,-30,51
696,-28,50
696.2,-28,50
696.4,-25,52
696.6,-24,50
696.8,-25,51
697,-23,53
697.2,-19,52
697.4,-18,54
697.6,-16,54
697.8,-16,54
698,-16,55
698.2,-14,56
698.4,-12,56
698.6,-11,55
698.8,-10,56
699,-10,56
699.2,-9,57
699.4,-4,57
699.6,-3,57
699.8,-3,56
700,-1,55
700.2,0,57
700.4,1,57
700.6,3,56
700.8,2,57
701,5,57
701.2,6,54
701.4,6,55
701.6,8,57
701.8,9,56
702,10,56
702.2,12,54
702.4,15,53
702.6,17,55
702.8,16,54
703,18,52
703.2,19,51
703.4,18,53
703.6,20,52
703.8,22,50
704,23,50
704.2,24,50
704.4,25,48
704.6,29,49
704.8,27,47
705,29,45
705.2,30,46
705.4,32,46
705.6,33,43
705.8,34,45
706,35,44
706.2,33,40
706.4,35,40
706.6,37,42
706.8,37,40
707,39,39
707.2,39,39
707.4,40,37
707.6,42,36
707.8,43,35
708,43,34
708.2,44,32
708.4,45,32
708.6,44,30
708.8,45,29
709,45,29
709.2,49,26
709.4,48,26
709.6,48,24
709.8,50,23
710,49,23
710.2,49,20
710.4,50,19
710.6,51,19
710.8,51,17
711,50,16
711.2,51,16
711.4,52,14
711.6,51,12
711.8,52,11
712,52,10
712.2,53,10
712.4,52,6
712.6,53,7
712.8,54,4
713,54,3
713.2,54,4
713.4,54,2
713.6,52,-1
713.8,51,-1
714,54,-1
714.2,53,-5
714.4,52,-6
714.6,53,-7
714.8,54,-8
715,53,-9
715.2,51,-10
715.4,51,-12
715.6,50,-12
715.8,50,-14
716,50,-14
716.2,51,-15
716.4,49,-16
716.6,47,-17
716.8,48,-19
717,46,-19
717.2,47,-21
717.4,48,-23
717.6,45,-23
717.8,45,-25
718,44,-27
718.2,44,-27
718.4,44,-27
718.6,42,-27
718.8,42,-29
719,43,-30
719.2,40,-31
719.4,38,-33
719.6,39,-34
719.8,39,-36
720,37,-35
720.2,36,-35
720.4,37,-37
720.6,35,-36
720.8,33,-37
721,33,-38
721.2,30,-39
721.4,30,-40
721.6,31,-41
721.8,28,-44
722,27,-43
722.2,27,-43
722.4,26,-44
722.6,24,-44
722.8,23,-43
723,21,-44
723.2,21,-46
723.4,20,-47
723.6,18,-47
723.8,18,-46
724,15,-47
724.2,14,-47
724.4,13,-50
724.6,13,-49
724.8,11,-50
725,11,-49
725.2,11,-50
725.4,7,-51
725.6,7,-50
725.8,6,-50
726,5,-50
726.2,5,-49
726.4,2,-50
726.6,1,-50
726.8,1,-52
727,0,-49
727.2,-3,-49
727.4,-3,-50
727.6,-4,-48
727.8,-6,-49
728,-7,-49
728.2,-7,-48
728.4,-10,-48
728.6,-11,-48
728.8,-10,-47
729,-13,-47
729.2,-16,-48
729.4,-14,-46
729.6,-15,-46
729.8,-18,-48
730,-19,-46
730.2,-17,-44
730.4,-19,-45
730.6,-23,-44
730.8,-21,-43
731,-24,-43
731.2,-24,-43
731.4,-25,-42
731.6,-27,-41
731.8,-28,-40
732,-28,-39
732.2,-28,-39
732.4,-29,-37
732.6,-31,-37
732.8,-31,-37
733,-32,-36
733.2,-33,-35
733.4,-32,-33
733.6,-34,-33
733.8,-35,-32
734,-34,-32
734.2,-36,-32
734.4,-38,-30
734.6,-38,-30
734.8,-38,-30
735,-39,-26
735.2,-40,-24
735.4,-39,-26
735.6,-41,-23
735.8,-41,-22
736,-41,-21
736.2,-42,-22
736.4,-43,-20
736.6,-42,-19
736.8,-44,-18
737,-42,-16
737.2,-44,-17
737.4,-45,-15
737.6,-44,-13
737.8,-44,-13
738,-45,-10
738.2,-46,-9
738.4,-45,-10
738.6,-46,-10
738.8,-45,-8
739,-47,-5
739.2,-47,-5
739.4,-46,-4
739.6,-48,-4
739.8,-49,-1
740,-46,2
740.2,-45,1
740.4,-46,0
740.6,-46,3
740.8,-48,5
741,-46,4
741.2,-46,4
741.4,-47,6
741.6,-44,8
741.8,-44,11
742,-46,10
742.2,-43,10
742.4,-45,14
742.6,-43,14
742.8,-42,14
743,-42,17
743.2,-43,16
743.4,-40,18
743.6,-40,17
743.8,-41,19
744,-39,21
744.2,-39,21
744.4,-40,22
744.6,-39,24
744.8,-40,24
745,-38,24
745.2,-36,25
745.4,-35,26
745.6,-36,28
745.8,-37,29
746,-36,28
746.2,-33,29
746.4,-32,30
746.6,-33,32
746.8,-32,31
747,-29,32
747.2,-29,34
747.4,-29,35
747.6,-28,35
747.8,-29,36
748,-27,36
748.2,-24,38
748.4,-23,36
748.6,-24,39
748.8,-22,38
749,-21,37
749.2,-22,39
749.4,-19,41
749.6,-19,40
749.8,-20,39
750,-17,40
750.2,-17,42
750.4,-16,40
750.6,-14,41
750.8,-13,43
751,-11,43
751.2,-13,42
751.4,-10,42
751.6,-9,42
751.8,-9,43
752,-6,43
752.2,-7,43
752.4,-6,44
752.6,-4,43
752.8,-3,44
753,-2,43
753.2,-1,43
753.4,0,44
753.6,1,42
753.8,3,43
754,3,44
754.2,4,43
754.4,5,42
754.6,5,43
754.8,7,43
755,7,42
755.2,9,44
755.4,9,42
755.6,11,40
755.8,10,42
756,11,42
756.2,15,39
756.4,15,41
756.6,15,40
756.8,16,39
757,19,38
757.2,20,37
757.4,19,38
757.6,20,37
757.8,21,37
758,21,35
758.2,23,36
758.4,24,36
758.6,24,35
758.8,25,36
759,28,33
759.2,29,32
759.4,28,32
759.6,29,31
759.8,30,31
760,31,29
760.2,31,29
760.4,30,28
760.6,32,28
760.8,33,26
761,32,26
761.2,32,25
761.4,34,23
761.6,33,24
761.8,35,22
762,37,22
762.2,36,22
762.4,36,21
762.6,37,19
762.8,37,19
763,39,18
763.2,38,17
763.4,38,15
763.6,39,15
763.8,39,15
764,39,14
764.2,37,13
764.4,38,10
764.6,40,10
764.8,40,10
765,40,8
765.2,40,9
765.4,40,6
765.6,41,5
765.8,41,5
766,41,4
766.2,41,2
766.4,40,2
766.6,41,0
766.8,42,0
767,40,-2
767.2,41,-2
767.4,39,-3
767.6,40,-5
767.8,40,-6
768,39,-5
768.2,39,-6
768.4,41,-8
768.6,40,-9
768.8,39,-11
769,40,-12
769.2,39,-10
769.4,38,-13
769.6,37,-14
769.8,38,-14
770,38,-14
770.2,36,-15
770.4,37,-17
770.6,35,-18
770.8,36,-19
771,36,-20
771.2,34,-20
771.4,36,-21
771.6,34,-19
771.8,34,-21
772,33,-25
772.2,30,-24
772.4,32,-25
772.6,31,-25
772.8,30,-27
773,30,-25
773.2,28,-29
773.4,27,-29
773.6,27,-26
773.8,26,-29
774,26,-30
774.2,25,-31
774.4,24,-31
774.6,24,-31
774.8,23,-31
775,22,-30
775.2,21,-33
775.4,19,-34
775.6,20,-35
775.8,19,-34
776,17,-34
776.2,18,-35
776.4,16,-35
776.6,15,-37
776.8,14,-36
777,12,-35
777.2,13,-36
777.4,12,-37
777.6,10,-37
777.8,10,-36
778,9,-38
778.2,7,-37
778.4,7,-38
778.6,6,-39
778.8,5,-38
779,4,-39
779.2,4,-38
779.4,4,-37
779.6,2,-38
779.8,1,-37
780,-1,-38
780.2,-2,-37
780.4,-2,-39
780.6,-4,-40
780.8,-5,-38
781,-4,-38
781.2,-7,-40
781.4,-5,-36
781.6,-7,-35
781.8,-9,-37
782,-11,-36
782.2,-11,-35
782.4,-11,-35
782.6,-12,-35
782.8,-13,-35
783,-13,-35
783.2,-13,-36
783.4,-15,-33
783.6,-15,-33
783.8,-16,-33
784,-18,-33
784.2,-18,-33
784.4,-19,-31
784.6,-19,-32
784.8,-19,-32
785,-21,-29
785.2,-21,-30
785.4,-21,-32
785.6,-22,-30
785.8,-23,-29
786,-23,-27
786.2,-23,-27
786.4,-26,-27
786.6,-26,-26
786.8,-26,-25
787,-27,-23
787.2,-26,-24
787.4,-26,-23
787.6,-29,-22
787.8,-30,-22
788,-29,-21
788.2,-30,-19
788.4,-31,-20
788.6,-31,-18
788.8,-33,-18
789,-33,-18
789.2,-32,-17
789.4,-33,-15
789.6,-33,-16
789.8,-34,-13
790,-33,-12
790.2,-34,-13
790.4,-35,-12
790.6,-34,-11
790.8,-35,-11
791,-36,-9
791.2,-35,-6
791.4,-35,-7
791.6,-36,-6
791.8,-36,-5
792,-34,-6
792.2,-34,-4
792.4,-35,-3
792.6,-36,-1
792.8,-36,-2
793,-37,-1
793.2,-37,0
793.4,-36,1
793.6,-36,3
793.8,-36,3
794,-34,4
794.2,-35,3
794.4,-36,4
794.6,-36,5
794.8,-34,7
795,-34,8
795.2,-35,7
795.4,-33,10
795.6,-35,10
795.8,-35,11
796,-33,11
796.2,-33,13
796.4,-34,14
796.6,-33,14
796.8,-31,14
797,-31,14
797.2,-32,16
797.4,-31,16
797.6,-30,16
797.8,-30,17
798,-29,18
798.2,-30,19
798.4,-28,21
798.6,-28,19
798.8,-28,20
799,-26,21
799.2,-26,23
799.4,-26,24
799.6,-25,24
799.8,-25,25
800,-23,24
800.2,-25,25
800.4,-22,26
800.6,-22,27
800.8,-22,26
801,-21,26
801.2,-19,26
801.4,-20,29
801.6,-20,28
801.8,-17,27
802,-18,31
802.2,-16,30
802.4,-15,29
802.6,-16,32
802.8,-15,34
803,-13,32
803.2,-13,32
803.4,-12,31
803.6,-12,32
803.8,-11,34
804,-9,34
804.2,-10,33
804.4,-8,33
804.6,-7,33
804.8,-7,31
805,-7,33
805.2,-5,34
805.4,-4,33
805.6,-4,34
805.8,-4,32
806,-5,34
806.2,-1,32
806.4,1,34
806.6,1,35
806.8,3,34
807,2,33
807.2,2,33
807.4,5,31
807.6,3,33
807.8,4,33
808,5,33
808.2,5,32
808.4,7,31
808.6,8,32
808.8,9,32
809,10,31
809.2,10,32
809.4,11,31
809.6,13,31
809.8,13,30
810,14,31
810.2,14,30
810.4,14,29
810.6,15,29
810.8,17,29
811,16,30
811.2,17,29
811.4,18,28
811.6,18,28
811.8,19,27
812,21,26
812.2,21,25
812.4,21,25
812.6,20,24
812.8,22,24
813,24,24
813.2,22,24
813.4,24,21
813.6,24,22
813.8,24,23
814,26,21
814.2,26,21
814.4,25,19
814.6,27,19
814.8,27,19
815,25,16
815.2,27,17
815.4,29,16
815.6,27,14
815.8,29,16
816,32,15
816.2,28,13
816.4,27,13
816.6,30,12
816.8,29,11
817,30,11
817.2,32,11
817.4,30,8
817.6,31,9
817.8,33,8
818,31,9
818.2,31,6
818.4,31,4
818.6,31,5
818.8,31,4
819,32,4
